{
  "project_info": {
    "project_number": "379443209368",
    "firebase_url": "https://version2-12345.firebaseio.com",
    "project_id": "version2-12345",
    "storage_bucket": "version2-12345.appspot.com"
  },
  "client": [
    {
      "client_info": {
        "mobilesdk_app_id": "1:379443209368:android:7a63f3846b795b09",
        "android_client_info": {
          "package_name": "com.example.jose.version3"
        }
      },
      "oauth_client": [
        {
          "client_id": "379443209368-601hm4pc184dfke621mcsd7o1c9r9o0n.apps.googleusercontent.com",
          "client_type": 3
        }
      ],
      "api_key": [
        {
          "current_key": "AIzaSyChuBkl3srh51dVdv7-ZIsUe6pvCWuXO0w"
        }
      ],
      "services": {
        "analytics_service": {
          "status": 1
        },
        "appinvite_service": {
          "status": 1,
          "other_platform_oauth_client": []
        },
        "ads_service": {
          "status": 2
        }
      }
    },
    {
      "client_info": {
        "mobilesdk_app_id": "1:379443209368:android:170091be7bcd14bf",
        "android_client_info": {
          "package_name": "com.example.josecarlos.firebaseejemplo"
        }
      },
      "oauth_client": [
        {
          "client_id": "379443209368-601hm4pc184dfke621mcsd7o1c9r9o0n.apps.googleusercontent.com",
          "client_type": 3
        }
      ],
      "api_key": [
        {
          "current_key": "AIzaSyChuBkl3srh51dVdv7-ZIsUe6pvCWuXO0w"
        }
      ],
      "services": {
        "analytics_service": {
          "status": 1
        },
        "appinvite_service": {
          "status": 1,
          "other_platform_oauth_client": []
        },
        "ads_service": {
          "status": 2
        }
      }
    },
    {
      "client_info": {
        "mobilesdk_app_id": "1:379443209368:android:e120dd53ad0edab7",
        "android_client_info": {
          "package_name": "com.example.josecarlos.version2"
        }
      },
      "oauth_client": [
        {
          "client_id": "379443209368-601hm4pc184dfke621mcsd7o1c9r9o0n.apps.googleusercontent.com",
          "client_type": 3
        }
      ],
      "api_key": [
        {
          "current_key": "AIzaSyChuBkl3srh51dVdv7-ZIsUe6pvCWuXO0w"
        }
      ],
      "services": {
        "analytics_service": {
          "status": 1
        },
        "appinvite_service": {
          "status": 1,
          "other_platform_oauth_client": []
        },
        "ads_service": {
          "status": 2
        }
      }
    }
  ],
  "configuration_version": "1"
}